<annotation>
	<folder>JPEGImages</folder>
	<filename>Batch1_0006.jpg</filename>
	<path>/home/jasper/RetinanetTutorial/PlumsVOC/JPEGImages/Batch1_0006.jpg</path>
	<source>
		<database>Unknown</database>
	</source>
	<size>
		<width>640</width>
		<height>480</height>
		<depth>3</depth>
	</size>
	<segmented>0</segmented>
	<object>
		<name>redPlum</name>
		<pose>Unspecified</pose>
		<truncated>0</truncated>
		<difficult>0</difficult>
		<bndbox>
			<xmin>252</xmin>
			<ymin>283</ymin>
			<xmax>472</xmax>
			<ymax>469</ymax>
		</bndbox>
	</object>
	<object>
		<name>redPlum</name>
		<pose>Unspecified</pose>
		<truncated>1</truncated>
		<difficult>0</difficult>
		<bndbox>
			<xmin>453</xmin>
			<ymin>1</ymin>
			<xmax>598</xmax>
			<ymax>136</ymax>
		</bndbox>
	</object>
</annotation>
