<annotation>
	<folder>JPEGImages</folder>
	<filename>Batch1_0005.jpg</filename>
	<path>/home/jasper/RetinanetTutorial/PlumsVOC/JPEGImages/Batch1_0005.jpg</path>
	<source>
		<database>Unknown</database>
	</source>
	<size>
		<width>640</width>
		<height>480</height>
		<depth>3</depth>
	</size>
	<segmented>0</segmented>
	<object>
		<name>redPlum</name>
		<pose>Unspecified</pose>
		<truncated>0</truncated>
		<difficult>0</difficult>
		<bndbox>
			<xmin>453</xmin>
			<ymin>51</ymin>
			<xmax>571</xmax>
			<ymax>172</ymax>
		</bndbox>
	</object>
	<object>
		<name>redPlum</name>
		<pose>Unspecified</pose>
		<truncated>0</truncated>
		<difficult>0</difficult>
		<bndbox>
			<xmin>283</xmin>
			<ymin>303</ymin>
			<xmax>454</xmax>
			<ymax>459</ymax>
		</bndbox>
	</object>
</annotation>
