<annotation>
	<folder>JPEGImages</folder>
	<filename>Batch1_0001.jpg</filename>
	<path>/home/jasper/RetinanetTutorial/PlumsVOC/JPEGImages/Batch1_0001.jpg</path>
	<source>
		<database>Unknown</database>
	</source>
	<size>
		<width>640</width>
		<height>480</height>
		<depth>3</depth>
	</size>
	<segmented>0</segmented>
	<object>
		<name>redPlum</name>
		<pose>Unspecified</pose>
		<truncated>0</truncated>
		<difficult>0</difficult>
		<bndbox>
			<xmin>45</xmin>
			<ymin>88</ymin>
			<xmax>84</xmax>
			<ymax>132</ymax>
		</bndbox>
	</object>
	<object>
		<name>redPlum</name>
		<pose>Unspecified</pose>
		<truncated>0</truncated>
		<difficult>0</difficult>
		<bndbox>
			<xmin>88</xmin>
			<ymin>327</ymin>
			<xmax>126</xmax>
			<ymax>367</ymax>
		</bndbox>
	</object>
	<object>
		<name>redPlum</name>
		<pose>Unspecified</pose>
		<truncated>0</truncated>
		<difficult>0</difficult>
		<bndbox>
			<xmin>61</xmin>
			<ymin>380</ymin>
			<xmax>89</xmax>
			<ymax>419</ymax>
		</bndbox>
	</object>
	<object>
		<name>redPlum</name>
		<pose>Unspecified</pose>
		<truncated>0</truncated>
		<difficult>0</difficult>
		<bndbox>
			<xmin>103</xmin>
			<ymin>376</ymin>
			<xmax>134</xmax>
			<ymax>402</ymax>
		</bndbox>
	</object>
	<object>
		<name>redPlum</name>
		<pose>Unspecified</pose>
		<truncated>0</truncated>
		<difficult>0</difficult>
		<bndbox>
			<xmin>97</xmin>
			<ymin>410</ymin>
			<xmax>131</xmax>
			<ymax>443</ymax>
		</bndbox>
	</object>
	<object>
		<name>greenPlum</name>
		<pose>Unspecified</pose>
		<truncated>0</truncated>
		<difficult>0</difficult>
		<bndbox>
			<xmin>333</xmin>
			<ymin>25</ymin>
			<xmax>380</xmax>
			<ymax>80</ymax>
		</bndbox>
	</object>
	<object>
		<name>greenPlum</name>
		<pose>Unspecified</pose>
		<truncated>1</truncated>
		<difficult>0</difficult>
		<bndbox>
			<xmin>607</xmin>
			<ymin>102</ymin>
			<xmax>640</xmax>
			<ymax>134</ymax>
		</bndbox>
	</object>
	<object>
		<name>redPlum</name>
		<pose>Unspecified</pose>
		<truncated>0</truncated>
		<difficult>0</difficult>
		<bndbox>
			<xmin>354</xmin>
			<ymin>70</ymin>
			<xmax>399</xmax>
			<ymax>120</ymax>
		</bndbox>
	</object>
	<object>
		<name>redPlum</name>
		<pose>Unspecified</pose>
		<truncated>0</truncated>
		<difficult>0</difficult>
		<bndbox>
			<xmin>376</xmin>
			<ymin>180</ymin>
			<xmax>406</xmax>
			<ymax>217</ymax>
		</bndbox>
	</object>
	<object>
		<name>redPlum</name>
		<pose>Unspecified</pose>
		<truncated>0</truncated>
		<difficult>0</difficult>
		<bndbox>
			<xmin>559</xmin>
			<ymin>340</ymin>
			<xmax>593</xmax>
			<ymax>376</ymax>
		</bndbox>
	</object>
	<object>
		<name>redPlum</name>
		<pose>Unspecified</pose>
		<truncated>0</truncated>
		<difficult>0</difficult>
		<bndbox>
			<xmin>587</xmin>
			<ymin>350</ymin>
			<xmax>634</xmax>
			<ymax>387</ymax>
		</bndbox>
	</object>
	<object>
		<name>redPlum</name>
		<pose>Unspecified</pose>
		<truncated>0</truncated>
		<difficult>0</difficult>
		<bndbox>
			<xmin>592</xmin>
			<ymin>274</ymin>
			<xmax>627</xmax>
			<ymax>310</ymax>
		</bndbox>
	</object>
	<object>
		<name>redPlum</name>
		<pose>Unspecified</pose>
		<truncated>0</truncated>
		<difficult>0</difficult>
		<bndbox>
			<xmin>540</xmin>
			<ymin>245</ymin>
			<xmax>573</xmax>
			<ymax>285</ymax>
		</bndbox>
	</object>
	<object>
		<name>redPlum</name>
		<pose>Unspecified</pose>
		<truncated>0</truncated>
		<difficult>0</difficult>
		<bndbox>
			<xmin>509</xmin>
			<ymin>48</ymin>
			<xmax>541</xmax>
			<ymax>83</ymax>
		</bndbox>
	</object>
	<object>
		<name>redPlum</name>
		<pose>Unspecified</pose>
		<truncated>0</truncated>
		<difficult>0</difficult>
		<bndbox>
			<xmin>523</xmin>
			<ymin>69</ymin>
			<xmax>558</xmax>
			<ymax>103</ymax>
		</bndbox>
	</object>
	<object>
		<name>redPlum</name>
		<pose>Unspecified</pose>
		<truncated>1</truncated>
		<difficult>0</difficult>
		<bndbox>
			<xmin>572</xmin>
			<ymin>1</ymin>
			<xmax>599</xmax>
			<ymax>11</ymax>
		</bndbox>
	</object>
	<object>
		<name>redPlum</name>
		<pose>Unspecified</pose>
		<truncated>0</truncated>
		<difficult>0</difficult>
		<bndbox>
			<xmin>508</xmin>
			<ymin>170</ymin>
			<xmax>533</xmax>
			<ymax>197</ymax>
		</bndbox>
	</object>
	<object>
		<name>redPlum</name>
		<pose>Unspecified</pose>
		<truncated>0</truncated>
		<difficult>0</difficult>
		<bndbox>
			<xmin>589</xmin>
			<ymin>122</ymin>
			<xmax>620</xmax>
			<ymax>152</ymax>
		</bndbox>
	</object>
</annotation>
