<annotation>
	<folder>JPEGImages</folder>
	<filename>Batch1_0012.jpg</filename>
	<path>/home/jasper/RetinanetTutorial/PlumsVOC/JPEGImages/Batch1_0012.jpg</path>
	<source>
		<database>Unknown</database>
	</source>
	<size>
		<width>640</width>
		<height>480</height>
		<depth>3</depth>
	</size>
	<segmented>0</segmented>
	<object>
		<name>redPlum</name>
		<pose>Unspecified</pose>
		<truncated>0</truncated>
		<difficult>0</difficult>
		<bndbox>
			<xmin>375</xmin>
			<ymin>173</ymin>
			<xmax>392</xmax>
			<ymax>188</ymax>
		</bndbox>
	</object>
	<object>
		<name>redPlum</name>
		<pose>Unspecified</pose>
		<truncated>0</truncated>
		<difficult>0</difficult>
		<bndbox>
			<xmin>119</xmin>
			<ymin>399</ymin>
			<xmax>139</xmax>
			<ymax>421</ymax>
		</bndbox>
	</object>
	<object>
		<name>redPlum</name>
		<pose>Unspecified</pose>
		<truncated>0</truncated>
		<difficult>0</difficult>
		<bndbox>
			<xmin>396</xmin>
			<ymin>207</ymin>
			<xmax>415</xmax>
			<ymax>225</ymax>
		</bndbox>
	</object>
	<object>
		<name>redPlum</name>
		<pose>Unspecified</pose>
		<truncated>0</truncated>
		<difficult>0</difficult>
		<bndbox>
			<xmin>525</xmin>
			<ymin>74</ymin>
			<xmax>548</xmax>
			<ymax>90</ymax>
		</bndbox>
	</object>
	<object>
		<name>redPlum</name>
		<pose>Unspecified</pose>
		<truncated>0</truncated>
		<difficult>0</difficult>
		<bndbox>
			<xmin>555</xmin>
			<ymin>38</ymin>
			<xmax>577</xmax>
			<ymax>62</ymax>
		</bndbox>
	</object>
	<object>
		<name>redPlum</name>
		<pose>Unspecified</pose>
		<truncated>0</truncated>
		<difficult>0</difficult>
		<bndbox>
			<xmin>596</xmin>
			<ymin>33</ymin>
			<xmax>611</xmax>
			<ymax>49</ymax>
		</bndbox>
	</object>
	<object>
		<name>redPlum</name>
		<pose>Unspecified</pose>
		<truncated>1</truncated>
		<difficult>0</difficult>
		<bndbox>
			<xmin>619</xmin>
			<ymin>1</ymin>
			<xmax>640</xmax>
			<ymax>24</ymax>
		</bndbox>
	</object>
	<object>
		<name>redPlum</name>
		<pose>Unspecified</pose>
		<truncated>0</truncated>
		<difficult>0</difficult>
		<bndbox>
			<xmin>566</xmin>
			<ymin>101</ymin>
			<xmax>592</xmax>
			<ymax>126</ymax>
		</bndbox>
	</object>
	<object>
		<name>redPlum</name>
		<pose>Unspecified</pose>
		<truncated>0</truncated>
		<difficult>0</difficult>
		<bndbox>
			<xmin>588</xmin>
			<ymin>82</ymin>
			<xmax>611</xmax>
			<ymax>103</ymax>
		</bndbox>
	</object>
	<object>
		<name>redPlum</name>
		<pose>Unspecified</pose>
		<truncated>1</truncated>
		<difficult>0</difficult>
		<bndbox>
			<xmin>620</xmin>
			<ymin>110</ymin>
			<xmax>640</xmax>
			<ymax>130</ymax>
		</bndbox>
	</object>
	<object>
		<name>redPlum</name>
		<pose>Unspecified</pose>
		<truncated>1</truncated>
		<difficult>0</difficult>
		<bndbox>
			<xmin>615</xmin>
			<ymin>165</ymin>
			<xmax>640</xmax>
			<ymax>190</ymax>
		</bndbox>
	</object>
	<object>
		<name>redPlum</name>
		<pose>Unspecified</pose>
		<truncated>0</truncated>
		<difficult>0</difficult>
		<bndbox>
			<xmin>605</xmin>
			<ymin>199</ymin>
			<xmax>624</xmax>
			<ymax>217</ymax>
		</bndbox>
	</object>
	<object>
		<name>redPlum</name>
		<pose>Unspecified</pose>
		<truncated>0</truncated>
		<difficult>0</difficult>
		<bndbox>
			<xmin>566</xmin>
			<ymin>145</ymin>
			<xmax>595</xmax>
			<ymax>168</ymax>
		</bndbox>
	</object>
	<object>
		<name>redPlum</name>
		<pose>Unspecified</pose>
		<truncated>0</truncated>
		<difficult>0</difficult>
		<bndbox>
			<xmin>587</xmin>
			<ymin>165</ymin>
			<xmax>604</xmax>
			<ymax>186</ymax>
		</bndbox>
	</object>
	<object>
		<name>redPlum</name>
		<pose>Unspecified</pose>
		<truncated>0</truncated>
		<difficult>0</difficult>
		<bndbox>
			<xmin>555</xmin>
			<ymin>168</ymin>
			<xmax>588</xmax>
			<ymax>194</ymax>
		</bndbox>
	</object>
</annotation>
