<annotation>
	<folder>JPEGImages</folder>
	<filename>Batch1_0007.jpg</filename>
	<path>/home/jasper/RetinanetTutorial/PlumsVOC/JPEGImages/Batch1_0007.jpg</path>
	<source>
		<database>Unknown</database>
	</source>
	<size>
		<width>640</width>
		<height>480</height>
		<depth>3</depth>
	</size>
	<segmented>0</segmented>
	<object>
		<name>redPlum</name>
		<pose>Unspecified</pose>
		<truncated>0</truncated>
		<difficult>0</difficult>
		<bndbox>
			<xmin>383</xmin>
			<ymin>288</ymin>
			<xmax>401</xmax>
			<ymax>310</ymax>
		</bndbox>
	</object>
	<object>
		<name>redPlum</name>
		<pose>Unspecified</pose>
		<truncated>0</truncated>
		<difficult>0</difficult>
		<bndbox>
			<xmin>340</xmin>
			<ymin>352</ymin>
			<xmax>363</xmax>
			<ymax>374</ymax>
		</bndbox>
	</object>
</annotation>
